term,estimate,std.error,statistic,p.value
(Intercept),1.6567133165353052,0.3150235767174542,5.259013734140977,1.4791048607991414e-7
age,0.035846523050856005,0.029963914392472188,1.1963231032278514,0.2315996887321443
is_bulliedno,-0.10756592895542257,0.34399800260135815,-0.3126934695608546,0.7545202684936128
sexF,-0.19084331343064662,0.015945592361204998,-11.96840538172548,8.838668663243092e-33
age:is_bulliedno,-0.019972747549384134,0.03271617020663374,-0.6104855006939147,0.5415545244978888
